Name,Document,ActiveEmployee,User,Password,LastLogin
User,10000000000,True,user,$2a$11$DDRaNvNEBRhuaa0Pkgoun.QoRrpkLJyrWHT08fG7WlhvgP55p7v8e,01/02/2023 14:48:21
Jordi Cartwright,28047974385,True,BGGA,$2a$11$ZhqMNM/HRSkb2a39VR/ufu.LSSPVAfEvZOzEw/TzHg2mWAR82K2wO,10/14/2022 03:40:15
Lenna Marquardt,62709860715,True,NHSL,$2a$11$tAhNiIAynWi/cmCs10APi.5URc6EvepLuKCki4dVk4qB1fYskB/Gy,10/18/2022 13:27:08
Madeline Lesch,1286476653,True,UKYA,$2a$11$udScWQxzGPsRbe4YVD5yCe2ixNZJicdjlRgs5L.HykUg58Dv9eP3y,06/12/2022 07:12:25
Lennie Torp,72591078729,False,TVBR,$2a$11$FUybE1ZWeCefCowpucCv8e5OH8KaBycFiiQoFp5TaGSk788i.jH1K,05/04/2022 11:24:33
Mervin Hodkiewicz,98227455774,False,QIUX,$2a$11$nS3/ynbzPKJdsvF.gxX.me/.h2wxKlhElb1xoqH6wHGE5562TGjUG,07/27/2022 06:43:51
Icie Gulgowski,2134675958,False,YXWK,$2a$11$/2QOVjtBEstEXcsMZRLP8eZmWpv6JMP42NCshoTI1XxTjerw2ju2C,04/06/2022 12:43:47
Mae Gleason,73097036338,False,JXXN,$2a$11$NS.rhtjykVD.dhz4ZVkE6O0sXGYPtFwE5Gihwaw3/.un5qbqWRhni,08/19/2022 20:05:49
Melany Schneider,14715195959,False,PBT3,$2a$11$PF1AqvkU4RzwgXvoyVOE2ubeXCSWvjbXb3sfOiy/NrMd1yWIvWBxC,09/20/2022 02:23:50
Orval Bergstrom,52733446647,True,FTS3,$2a$11$VnL5W59I6w9nVDFyTwNiw.Av.gdnBI7FbpV0qUodYzd/Uo0CRicOi,08/26/2022 15:12:50
Destini Lebsack,58204552767,True,EMC8,$2a$11$.Dx0dibZFCcVEtn6PqgZ3eU75V4Z3RPz91pc.cm53IZmSVaUI71pu,07/09/2022 03:40:03
Camryn Considine,91293214271,False,YCDV,$2a$11$EWB1BGNZZRq1PzbmVncB5un9MYjOBPgWaNWU9aLjQIvNm6yYZYwAq,05/06/2022 18:22:56
Cristal Harris,68336878611,False,XGKY,$2a$11$Xzcjz.MEc.jihBwbIgqlIOSEw/pjYXCbhPVUQwZBO3kiCWCT4.9du,06/21/2022 15:26:39
Marion Gusikowski,86119162744,True,LRZJ,$2a$11$dCNmp6r5y.sJyeiCGjk/IuFbWqUhtLEhRp3/ji6en4CzqyVXq77lq,11/01/2022 01:33:42
Lulu Hamill,47267472189,False,GRVI,$2a$11$974bZZzie/KVKy9BigufFucTmlxafwzX5MfrE.CtlOUZRimyniYOO,04/25/2022 21:27:45
Virginie D'Amore,63849236082,False,AJP3,$2a$11$z8OheEn5vuGNpyLUDv/lj.q5oS9O7Z2c14ylo4XMCerGTL5cC5J/O,11/22/2022 15:40:08
Katrina Romaguera,18188117498,True,AIA5,$2a$11$aMpZSLUW6whaEvJ/8UMBd.nzR8EG0VzqCTweg/LII/YkrDB3bJKOW,08/27/2022 03:21:47
Brannon Cormier,56477959554,False,THI1,$2a$11$omAzzjv6qja68pJQSEMJv.Jloo8A5mstC8iLlWbvP41jkPZchfnNu,06/13/2022 21:29:01
Ernest Osinski,90840324143,False,TTYP,$2a$11$c9Xpf3O5RFLnl3qeWOp6dOGS3Umv2nFrmXCwM7MvY3VxYI8iKez7S,11/08/2022 11:33:06
Jewell D'Amore,22786678370,True,XEE3,$2a$11$uN5KA/VgPJdewI7Ch7E0h.BgQ7PHZPIvuQuIlnYzittozMxJi0IbC,12/11/2022 14:06:51
Michelle McDermott,30269635355,False,RNPH,$2a$11$.c5u0x9Lkrfxm41NlLHsuu3Q6AEqzJ/Npw2NJNbeQUTiFd1aQdW7C,08/25/2022 05:24:22
Braeden Collier,62726805227,False,OJSR,$2a$11$DdFWoAHrbOTj/yr2QkFp1.1wH2YX6IdIHLB5v1vcISXdWLcBfXpzO,04/19/2022 17:35:25
Marcellus Hahn,59916302082,False,PGN6,$2a$11$9lTeQIYvYv4gKLwJmBrHTOy4IWzz0PolOGSZpvqnp73AGJq6Z/47i,11/05/2022 11:19:20
Lilly Goldner,98235686678,True,ULA9,$2a$11$pjLcOsBIAgF14mLz6CvRxOz49t6SbwNdxl2JErGKQz7DBLpYnfEkq,01/20/2022 14:21:53
Kylee Daugherty,94481136195,True,CKT5,$2a$11$/ZjbI64eGoJom/.hEJKuae1oViDO25vSNBziCJLWmBrsPNgSsn8H.,10/29/2022 13:35:59
Lessie Bogan,95629922835,False,BFM1,$2a$11$IbSU3qO6Jw7o.FUGYaArQuNLKuNRleWEDWCQ98xJuW2f0wZDsZOvy,08/24/2022 12:21:41
Amari Breitenberg,6815943568,True,LZYE,$2a$11$x1VbN3yhpgmp7GjvqWZpxe9vPcmaxzNE6YfSofBCLNUfmbzSkmdCq,01/09/2022 18:32:15
Nellie Cormier,58229953909,False,UZY1,$2a$11$YZqN/QcA2mQcWLkO7WErJe.D5CG3.hEPL3FU6JSpC3A6ojMVBe1Vq,05/28/2022 17:05:48
Jayme Gorczany,21816600379,True,EQF7,$2a$11$GNHNQeipo195k7ijvsPcj.pjOfPaw/qjKfMOE2v3dT9woj0XAP89W,07/31/2022 19:07:06
Gerda Hilpert,6166947444,False,WMLX,$2a$11$97eKLg/HxlGSV8IvGkSB3.zSg1ibItI1iT1vRaQA7j.MpYIgJ/5ri,01/28/2022 20:24:57
Otis Conroy,23645725901,True,HHT2,$2a$11$iDqrgLjaoZUkhe.EjYZOhedmMGDXvFAqxW/hJkxz8iY./af4wDNpC,11/29/2022 16:23:58
Nikko White,75533727978,False,STWL,$2a$11$19aZu0yvgA4Eq9nVT3qZ8.//V4kkvxXHexjW3t4.g09TvcTcATDuO,08/02/2022 10:07:01
Dante Crooks,35332356979,True,PKQ7,$2a$11$TkQXNtkPDIixNBQx5SZ.ReKfQ8k9zJ5Fkt8Q/wCYe3EX794BWbC4a,03/09/2022 12:10:30
Vernon Mertz,7216572002,False,GOR4,$2a$11$Q6DkEV8JkFUWYYvJwwEHdOqxxlH3/e.WF8rK0fpsoZcMpEcXXH2h.,02/18/2022 02:38:48
Russ Keebler,26981866226,False,UENL,$2a$11$qb86ThmCI3QzcbRvNLFbT.ckpQJnD6/SJIUbKyNh7JzPXti4GS2c6,02/28/2022 17:44:53
Colton Huels,45744579339,True,CCM1,$2a$11$enX5LQntmcW6cMPBmbrpw.klnDNGS83FMoE3T3IFjI0fv0VN5g1yu,06/05/2022 21:17:48
Travis Baumbach,77553146620,False,HTBR,$2a$11$nK3S5awNyiFSA4F2PKtTfOyCn7QR2D9d2w/3016ae/ybZAXIg5b9i,07/14/2022 14:15:22
Lyric Leuschke,58941933122,True,MEWJ,$2a$11$2hbi98FPKJc1ZKNRZkT/B.TRKUSX6NV2mVmunjWA77ZHuy1g1OVkW,10/18/2022 06:42:49
Deangelo O'Reilly,25152775829,True,HHR8,$2a$11$PVYa0xtCGslDogrPJ73QF.5hQXwfeBBVHhd8Gs7HbB09yTwpYnCQq,04/12/2022 04:20:49
Lucio Jacobi,42134172388,True,ZXEB,$2a$11$Rsm5mxQrigp2Upg8sp3qCO9Rb5YmMfqcZk19A4IvFgNbAPLxI1L.2,07/18/2022 23:43:31
Cathryn Gulgowski,58564485481,True,SSDR,$2a$11$6i2rup/ILu0sLoKxcHq7SO3OOuUgcUQ.a/7Zv5TyYO0LmPXLfa9p6,04/14/2022 20:31:33
Zaria Trantow,66740235481,False,MQW3,$2a$11$TbkGJyJBBGyeUJzUu6/Tk.eL8PBimZ7RqWVf3KFt8ymTXDeNxO1rC,07/31/2022 16:42:19
Hellen Walsh,98033048242,False,DWJO,$2a$11$qWcCvAko5wpMTFLjaerBO.KRfOEVJ/RKCksgx.H6ReWVOj/NPbblO,03/11/2022 08:16:14
Buck Gibson,47207489017,False,EAUU,$2a$11$pWB3uJxov1m0iDXuTokc0.FLxLE9/hLtFlJAjrnX0EwEwxjR3cupu,07/18/2022 04:23:13
Oleta Gerlach,20214335683,True,KCIX,$2a$11$JHgAjRKJWpYVQQUYhCPcmutwHfe.z6bu0Cdin4wcU2EJO5RePR0GO,10/25/2022 01:03:22
Bella Volkman,41745106932,True,ZXJ5,$2a$11$5qhV38uOrNXv3Sn7bO2HdeiVuYFyrFTBNyDBInz2tO6I5Iu8lfYB6,05/19/2022 22:41:35
Yvette Medhurst,2248866260,True,XGG8,$2a$11$ZiiptPoSH1/XPYkzMvUmOeRsR/24dwW8rXqecqctbVSoCCQ/BwTo6,07/20/2022 07:00:09
Loraine Weimann,16683226031,False,RBMS,$2a$11$Ud/C6AoNWRaXpxDGxqMM2OHVdZR6WO0w6mUwfzllP39kZiGKOIjwG,09/03/2022 23:45:48
Marcelo Sipes,34861851589,False,HZOR,$2a$11$DqmSmnaVif7qE/KujetjDOEUpkdYlvJDqdsXshjeXbTkMKPlsVi6G,01/02/2023 02:02:39
Flo Kuhn,51654366104,True,XIZ2,$2a$11$TkPYoHrSpvKKohCs0JzElOar5d7VqQtXD71sAAqZnbEiTv6w/tNcm,06/08/2022 15:05:08
Nella Shanahan,65129205010,True,JJD2,$2a$11$P/7HssbJXkCuboy4hgpTnOo2dP/lzyJCT8oT54M3/jMoeueKr/BLi,10/08/2022 17:56:14
Kameron Monahan,38336384151,False,KCT4,$2a$11$XH6qDlNWoCFI2JA33DOqpegqTMbM1PLO3DaoB5wE6j5Ho5.y/z9C2,02/24/2022 05:54:22
Maiya Heathcote,45483686196,False,FSY8,$2a$11$ZGXhEmtl6HCDJtBe/Ph3P.vwoNAkPweouDtL3hjwGL56wCcQH/J4u,01/05/2022 19:26:14
Olaf McLaughlin,89354560436,False,CZND,$2a$11$/xx80B9MjhBhZpOpPSTahuTVXLpnHHr9.0YrufDPZ/e3VHAzNa.h6,05/17/2022 15:27:39
Dameon Baumbach,25317292425,True,QPMV,$2a$11$LYMcUXDOrvvqRGxuCm.vYec6AKrQYbcZaxpvPENcxhrcYA.rs4N96,10/28/2022 04:31:05
Cicero Howe,91709096784,False,LAIP,$2a$11$jpSU0HUi1rzmz720v5LNYOPA7tRn0jSuCwa.RPS8dPtSkpaQKEAoW,02/18/2022 10:57:20
Rhett Kling,14347757828,False,ACGS,$2a$11$d1.0d1qvL8G0j85aznPA.eI6g/J5qaReuwZeEVzNRQQp32DcpfpxS,09/23/2022 12:54:14
Karelle Moore,90712756634,True,SDO4,$2a$11$3CiW6vT.37HUz/.Y5xqfGuJ.aa2jACHysROenAPH93FvlfYuKix.m,07/19/2022 13:02:52
Kendrick Veum,70056542187,True,ZBI4,$2a$11$8agJGgfsQwol8Z11mNfZYOL1Sl1CyFtvFL4khUUbRzFFJPI4fugwe,02/19/2022 10:00:39
Nathanial Sporer,67109014893,True,HLNJ,$2a$11$72z5W./TPIGBU.nfLugFaOFXB0dzfkPf8fiAhfDgcI4MPmcm96iaa,12/12/2022 13:03:58
Bertha Farrell,36940748562,False,XRD0,$2a$11$nkGSH9fTPhejXrLbQWJ4quuXgJrNnjCSStmwCc.I.rOUtyY2/3Eu.,04/11/2022 09:46:28
Mona Huel,41547849134,False,XSZV,$2a$11$SZP7OmiRrooS1rggesgZbeWQBbvNP4/zOJxFSQl/m8rpz757zXJwe,02/13/2022 13:03:40
Ellis Rohan,67362772119,True,QBV1,$2a$11$kGk/UVsEkyut/80L43U5WeysJ4vRHV1gv4cdWifSPIHrjBpSmtAbO,01/21/2022 09:02:29
Bulah McDermott,15706344867,False,ESL3,$2a$11$T5VT0fx80uJvV6ucJGSceeZqXIaRFyPhj21xRXK2G1Ix1NkZqCfra,10/09/2022 22:59:24
Royal Jacobson,23975760751,False,KXT3,$2a$11$vaWN4Uh4x4jY5tb05mbY4OERHFokKwrwquItHskh29PsT6mMU3LMS,08/31/2022 14:06:22
Clementina Bruen,59797563023,True,TBS5,$2a$11$rl9aAKLuUMjYmUjfxkVhBOPjmnGr8AK8tSU7wxWLDVuija8o4MHou,07/10/2022 10:56:20
Hal Stoltenberg,93924157631,False,FKJ5,$2a$11$fvqeLUd3vGFOTfApINpMfeULqA87qLl/AIUHGe78i8IOiQ75B9ITm,07/30/2022 18:55:33
Matilda Lemke,1454918386,False,QNV7,$2a$11$TUpsW1ZvldpoOJ4y1TSF3..eHrLghuMmOSYJ40ScNdz/.4HYN2VUW,07/20/2022 02:02:26
Bobbie Senger,327673388,False,KMVU,$2a$11$ds68IMF6L5WgnvdpLs54p.sq16/Waz66iYlw0rv7yjHllsNiZqeJC,02/16/2022 14:49:02
Taurean Gleason,64826088766,False,UBEW,$2a$11$rZYd390oQvwkpUJgTK/OpO3fBF7GA3HDf0Z72HDaTP2uIcAx5oHf6,05/29/2022 19:45:31
Anibal Pollich,94405643632,True,EIKE,$2a$11$tvQkvJaAMBxlQNJLHHQdLO59DfGETEB3XjuHa55fMUtXv.sO..Etm,12/18/2022 19:42:22
Flavio Pfeffer,37722083259,True,QZK9,$2a$11$AE6dNqwgKs.2xBM6/IbGA.BBZ79OSE7R//tz1hc.lA2PSV5aHdwMq,04/20/2022 21:48:48
Dana Waters,95615634288,False,QXK9,$2a$11$OymEIs3xlvtGvKOkGzy8k.L1VmfcY71pXJaW1W1Kum0Eu89cSv1p.,11/01/2022 17:29:06
Omer Fisher,79461171764,True,VMXG,$2a$11$DioTie0uJ/oD4XwSywCzs.ZGYJbCqWqL3kwPWlTDuNhRApIFxOi32,07/08/2022 00:42:10
Maci Heaney,32445649418,False,OMTE,$2a$11$Uk.prx0Ce9kko32ImHN83egRke5wHi7iYXJslMK/oCsGJ62TH9RRa,06/23/2022 04:48:51
John Brekke,90492335375,True,QUCE,$2a$11$Q2JBpQteXbz6ORHZ.qfqh.TivSTw/M1tkzM/Fq7PodMDVuY7YflWK,04/14/2022 00:54:42
Vaughn Kerluke,63691434529,True,GVI4,$2a$11$4tQIionXvxzrvUb.i1MBdeTVaAztfezCx3FNiDd6Bw9teRs1Gz./q,11/09/2022 20:35:35
Lessie Leuschke,99474966243,True,EIU7,$2a$11$u/RiFtHNd4DQYqcIp8ylXO7.I6wXAxsoAj8Yiya4hHGWs87OoZdeW,01/29/2022 04:52:38
Shea Marks,1672849552,True,QVS4,$2a$11$ross6HfCSVLDit9uXip4IO7NaPeH9.jfVHUsKDTUzAGMBwRUEmSIW,08/25/2022 01:34:46
Bryana McClure,78213064865,False,TCI5,$2a$11$bb2qwtdIC8fJRjI3k/MCKO8VBlZ0oERXdDhTMlM30fvdqT7DsqW1.,04/28/2022 00:34:10
Armand Ziemann,98575095626,True,DJZZ,$2a$11$IgjacuLunKkBJwTQaDWTMuCuM9nx/5TY.Woss2f0hf5wjNzWxyrou,04/13/2022 14:23:14
Johnnie MacGyver,48876250939,False,GKP1,$2a$11$TrVicw83DTAc1ipmvzi3j.l5ig2ykilaMXGh2GTqfFMTZTJ5Dsaeq,05/10/2022 18:37:44
Billy Maggio,83070098529,False,KHG4,$2a$11$UWnfNWSxB14DcNZ0HtQdq.GMIWILwqIGFPyI1wyXxSZ.YF8.JH/Ju,02/06/2022 20:26:23
Taryn McLaughlin,72619676869,False,YVFV,$2a$11$qcgK7SMcaORbns3460yYReY4UHpGDnhQ6ZVlLsMErGo4G2OoT/5Cm,07/16/2022 21:45:20
Kaylee Bernhard,50869116747,False,VBA4,$2a$11$X/l.DKwkpuDBTcQsGE7Vsue8hn5u81h0fk1rRpOIV6YGT7gP.nDLW,01/28/2022 17:43:25
Tomas Emmerich,40031223824,False,UAG8,$2a$11$8mS7DWmGyq4zTNCCXmcv7uxaFQpMCL.V0WvYDNj3LMjIXg6LcNa3O,02/20/2022 04:11:30
Elmer Reinger,9523973787,True,ZBV8,$2a$11$sP2sv3yqObBBFvN6G7g70eLwgH9cfrwcb1xQls5jUWuIBOUwR0ANO,07/01/2022 07:32:57
Deshawn Will,90657753994,False,LQF6,$2a$11$HJ1E.Pxwm55s3sQNdfSGwOeo1zh/tz6MJQGk77rkZBW6HJVMv9TDu,06/15/2022 09:49:30
Kolby Bruen,12722255213,False,KJD5,$2a$11$2FeCZixeUCrGHdUBKqNkOea/D73N9QUnXU6seIl3X21W6BPj6aAoe,04/24/2022 07:01:05
Janelle Stamm,21845152618,True,OMDU,$2a$11$tSc88METCOYw7jXzqTMaWu9.UutUSgGo4rRuSW4cpjwVsGTthgRyq,10/10/2022 07:25:25
Ethel Gerlach,33600619581,False,CMG3,$2a$11$Qtq/GOan48A.M2o31kgMgOqfYWYDku4/Wc4a/rUYf4.P8k5A/Fa02,05/04/2022 09:52:10
Jacques O'Keefe,95993496120,False,LFQ6,$2a$11$etv2zdTT8MwD9igbhWJCP.2Oae6fFDCC0xyNhYp5h7IsYIekx2lHi,05/23/2022 03:28:52
Carleton Gerhold,33245042794,False,LGKK,$2a$11$nq33ZxPVq9bBnpCq881HMu4vknmEJWHQQ.2b9A4Bbw6Vfq7TnFiAa,01/10/2022 22:30:34
Jackson Kuphal,19304330583,False,QSY0,$2a$11$Yv1f1yGt8Yl9XPNXO7PtF.YfpIaX6T6wO3blCmxldWcrnRrHZ.edG,04/22/2022 14:50:16
Alda Christiansen,5368767334,False,TPKZ,$2a$11$svGUBMJEZg48nSfMEAHGk.KoWctuMjsiVVPMt0NKuYAlOp8Cl1btO,09/12/2022 20:42:04
America Green,13956465890,True,RMZ6,$2a$11$w81SDjZkiGFf2yX.zOpBr.6sFYP3r4oRdSHxTi1LaVFhSAR7b5hLu,06/17/2022 18:11:48
Allene Kemmer,79417826135,True,QZKW,$2a$11$kEIpsKqnRmt2oteYlJtxeu09lMptsfzFglQMcjBQ3KcrwmPb/wbxq,02/24/2022 00:24:14
Russel Howell,30644918961,False,PAMP,$2a$11$MDcelIFmYHDX9bqjTyjpu.6T74u9ymo7Ax5l2PjRWaDS/btya3hh6,12/02/2022 08:03:02
Kenyon Lockman,17724052518,True,RYS5,$2a$11$p6ui/LIJ37U14wClxTvNhu/Z/ukVdhmA1xHn5dWHcbg7Jrq/N0cYi,11/12/2022 16:20:26
Marilou Friesen,4188576563,False,UVA3,$2a$11$97kWvlCg84em1nvnyI4fNeh.Qc5YWZr5JZmI16NGIAFcvXktk4tf6,06/16/2022 08:21:13
Marisa Crooks,28427014971,True,ATM2,$2a$11$a0TYThkaXGJ8uTxuHd8uO.ugVL4v6XTcAAC0z3DWMdlQ/sZsSjscW,12/11/2022 06:23:47
